{
  "project_info": {
    "project_number": "171482378355",
    "firebase_url": "https://boomshopy-52a1a.firebaseio.com",
    "project_id": "boomshopy-52a1a",
    "storage_bucket": "boomshopy-52a1a.appspot.com"
  },
  "client": [
    {
      "client_info": {
        "mobilesdk_app_id": "1:171482378355:android:f8a138a5df54c262453a06",
        "android_client_info": {
          "package_name": "com.example.boomshopy"
        }
      },
      "oauth_client": [
        {
          "client_id": "171482378355-hfoa82uv4r0srlie4fc857qk2etrnpai.apps.googleusercontent.com",
          "client_type": 3
        }
      ],
      "api_key": [
        {
          "current_key": "AIzaSyBgqwvfFsRxnh-AH068rCwVsqxDxOIIzY8"
        }
      ],
      "services": {
        "appinvite_service": {
          "other_platform_oauth_client": [
            {
              "client_id": "171482378355-hfoa82uv4r0srlie4fc857qk2etrnpai.apps.googleusercontent.com",
              "client_type": 3
            }
          ]
        }
      }
    }
  ],
  "configuration_version": "1"
}